priority,target,market,type,official_url,contact_route,pitch_or_listing,status
1,StartUp Bahrain,Bahrain,Ecosystem publication,https://startupbahrain.com/contact,help@startupbahrain.com,Multilingual readiness for Bahrain startups entering GCC markets,Ready for approval
1,BTECH / BITEX,Bahrain,Technology association,https://www.bitexbh.com/contact-us,info@btechbh.org,Practical website-performance checklist or expert session,Research membership fit
1,Bizpreneur Middle East,GCC,Business publication,https://www.bizpreneurme.com/magazine/contribute/,editor@bizpreneurme.com,Original article on preventable multilingual launch failures,Ready for approval
1,Economy Middle East,GCC,Business and technology publication,https://economymiddleeast.com/about-us/,Editorial@jcmediagroup.com,Data-led GCC website-performance research,Hold until dataset
1,Entrepreneur Middle East,GCC,Entrepreneurship publication,https://bncpublishing.net/brands/entrepreneur-middle-east/,editor@bncpublishing.net,When growing companies outgrow disconnected tools,Prepare tailored outline
1,Gulf Business,GCC,Business publication,https://gulfbusiness.com/contact-us/,Editorial contact form,Verified regional research or expert comment,Hold until dataset
2,The Gulf Magazine,GCC,Business and technology publication,https://thegulfmagazine.com/contribution-guidelines,Guidelines submission route,Original technical guide with full disclosure,Manual editorial review
2,Clutch,International,B2B directory,https://clutch.co/get-listed,Get listed workflow,Accurate profile and genuine client reviews,Needs business data
2,GoodFirms,International,B2B directory,https://www.goodfirms.co/get-listed,Get listed workflow,Accurate verified company profile,Needs business data
2,Google Business Profile,Bahrain,Local entity listing,https://support.google.com/business/answer/2911778,Add or claim workflow,Claim and verify exact entity data,Confirm ownership
2,Bing Places,Bahrain,Local entity listing,https://www.bingplaces.com/Home/Index,Add or claim workflow,Claim and verify exact entity data,Confirm ownership
2,Apple Business Connect,Bahrain,Local entity listing,https://www.apple.com/business/connect/,Register workflow,Control Apple Maps and brand data,Confirm eligibility
2,Bahrain Chamber,Bahrain,Business directory,https://www.bahrainchamber.bh/en/businesses-search,Membership or listing enquiry,Confirm WebiQQ eligibility,Business decision
3,Sijilat,Bahrain,Government business record,https://www.sijilat.bh/,Registered business workflow,Verify public registered data only,Business decision
